	Common Settings,	
	.源输出/扫描点数,	500
	.重复次数,	0
	.测量延迟,	0.005
	.测量窗口,	20 ms
	.NPLC,	1
	.渠道,	SMU-1
	..仪器,	My 2470
	...型号,	2470
	...序列号,	04648429
	..Source Settings,	
	...模式,	直流
	...源功能,	电压扫描
	...源类型,	线性
	...双向扫描,	禁用
	...量程,	自动
	...开始,	0
	...停止,	1000
	...步进,	2.00400801603206
	...限值,	0.01
	..Measure Settings,	
	...电压,	测量值
	...电流,	True
	...量程,	自动
	...最小量程,	1E-08
	...电阻,	False
	...功率,	False
	...自动归零,	打开
	..Instrument Settings,	
	...接线端子,	正面
	...接线方式,	2 线
	...输出关闭,	标准
	...高电容,	False

"索引","SMU-1 时间 (s)","SMU-1 电压 (V)","SMU-1 电流 (A)"
"1","0","1.01454643299803E-05","-2.42589393018022E-09"
"2","0.39850904","1.87644517421722","7.74498616351593E-08"
"3","1.13834004","4.00778532028198","1.70007325550614E-07"
"4","1.23695688","6.01209402084351","2.58123606045046E-07"
"5","1.3355411","8.01592063903809","3.52091944932909E-07"
"6","1.43413442","10.0198354721069","4.47147442628193E-07"
"7","1.53270786","12.0237073898315","5.42700433925347E-07"
"8","1.6312882","14.0275373458862","6.37543621451186E-07"
"9","1.72988008","16.0314540863037","7.30300484974578E-07"
"10","1.8284485","18.0355930328369","8.20051241134934E-07"
"11","1.92705056","20.0394744873047","9.05541128304321E-07"
"12","2.36156688","22.0453624725342","9.44518660617177E-07"
"13","2.44924542","24.051794052124","1.02588023764838E-06"
"14","2.53691496","26.0512580871582","1.10988241885934E-06"
"15","2.6245799","28.0550098419189","1.1894189810846E-06"
"16","2.71225984","30.0615749359131","1.26645124964853E-06"
"17","2.79992936","32.0642318725586","1.34504909965472E-06"
"18","2.8876012","34.0711250305176","1.41659870678268E-06"
"19","2.9752756","36.0712127685547","1.48477636230382E-06"
"20","3.06294156","38.0739974975586","1.55382986122277E-06"
"21","3.1506186","40.0812797546387","1.60994363795908E-06"
"22","3.2382846","42.0840759277344","1.67184055044345E-06"
"23","3.3259474","44.0908889770508","1.72627653682866E-06"
"24","3.41360254","46.0908203125","1.77654260369309E-06"
"25","3.50125612","48.0940704345703","1.83131817266258E-06"
"26","3.58892066","50.100700378418","1.87943078344688E-06"
"27","3.67657588","52.1037292480469","1.92431048162689E-06"
"28","3.7642506","54.1103782653809","1.96746236724721E-06"
"29","3.85192136","56.1103706359863","2.00362455871073E-06"
"30","3.93960762","58.116813659668","2.03864874492865E-06"
"31","4.02727176","60.1198997497559","2.07738366952981E-06"
"32","4.11493956","62.1268501281738","2.11148631024116E-06"
"33","4.20260422","64.1300735473633","2.13688008443569E-06"
"34","4.29028372","66.1296005249023","2.16292801269446E-06"
"35","4.37793634","68.1367111206055","2.18791888073611E-06"
"36","4.46561188","70.1392822265625","2.20337187784025E-06"
"37","4.55327486","72.1457901000977","2.21794834942557E-06"
"38","4.64093564","74.1494064331055","2.23559391088202E-06"
"39","4.72859214","76.1488952636719","2.25233384298917E-06"
"40","4.81624798","78.1558609008789","2.26851307161269E-06"
"41","4.90390726","80.1590118408203","2.28627482101729E-06"
"42","4.99156382","82.1653366088867","2.30688056035433E-06"
"43","5.07924364","84.1689224243164","2.32220054385834E-06"
"44","5.16690506","86.1684875488281","2.33070340982522E-06"
"45","5.25457162","88.1755523681641","2.33094829127367E-06"
"46","5.34225688","90.1784210205078","2.3386830889649E-06"
"47","5.42992402","92.184928894043","2.34759886552638E-06"
"48","5.5175836","94.1914138793945","2.35467859965866E-06"
"49","5.6052579","96.1917266845703","2.35993979913474E-06"
"50","5.69293254","98.1944808959961","2.3637326194148E-06"
"51","5.7805925","100.201141357422","2.37721883422637E-06"
"52","5.86824392","102.204780578613","2.38296797760995E-06"
"53","5.95591116","104.210472106934","2.39136238633364E-06"
"54","6.04356838","106.210800170898","2.41009684032178E-06"
"55","6.13122958","108.214279174805","2.41050452132185E-06"
"56","6.2188883","110.220291137695","2.41576867665572E-06"
"57","6.30656736","112.22428894043","2.42805913330812E-06"
"58","6.39424998","114.230697631836","2.41894122154918E-06"
"59","6.4819297","116.23063659668","2.4203520752053E-06"
"60","6.56959962","118.233512878418","2.41989391724928E-06"
"61","6.65726966","120.239921569824","2.41807629208779E-06"
"62","6.74494342","122.243148803711","2.43535600930045E-06"
"63","6.83262174","124.249801635742","2.45262981479755E-06"
"64","6.92029066","126.252510070801","2.44094030676933E-06"
"65","7.00796268","128.256713867188","2.44907278101891E-06"
"66","7.09563454","130.259384155273","2.44628040491079E-06"
"67","7.18329726","132.265319824219","2.44783200287202E-06"
"68","7.27095656","134.26921081543","2.45831984102551E-06"
"69","7.3586245","136.275497436523","2.46637591772014E-06"
"70","7.44629632","138.27522277832","2.47192451752198E-06"
"71","7.5339671","140.278732299805","2.48206470132573E-06"
"72","7.62163292","142.285125732422","2.47603202296887E-06"
"73","7.70930098","144.288146972656","2.48630431087804E-06"
"74","7.79698638","146.294906616211","2.50640982812911E-06"
"75","7.88466886","148.295593261719","2.54630731433281E-06"
"76","7.97232904","150.297470092773","2.53347025136463E-06"
"77","8.06001114","152.304229736328","2.51771552939317E-06"
"78","8.14768284","154.307586669922","2.52367885877902E-06"
"79","8.23535538","156.314208984375","2.53099960900727E-06"
"80","8.32303126","158.314315795898","2.53720190812601E-06"
"81","8.41068276","160.31640625","2.54755650530569E-06"
"82","8.49834864","162.323364257813","2.55673239735188E-06"
"83","8.58602332","164.329498291016","2.56121393249487E-06"
"84","8.67369578","166.332748413086","2.56873818216263E-06"
"85","8.7613438","168.334457397461","2.58143950304657E-06"
"86","8.84901006","170.339950561523","2.58152272181178E-06"
"87","8.93668106","172.34245300293","2.58869249591953E-06"
"88","9.0243407","174.34928894043","2.59397552326845E-06"
"89","9.1119944","176.352645874023","2.58746490544581E-06"
"90","9.19965768","178.352615356445","2.6028628781205E-06"
"91","9.28732188","180.359237670898","2.60467618318216E-06"
"92","9.37500578","182.362808227539","2.57149076787755E-06"
"93","9.4626675","184.368057250977","2.62311186816078E-06"
"94","9.5503164","186.371826171875","2.62636217485124E-06"
"95","9.63799156","188.372253417969","2.64446885012148E-06"
"96","9.72567616","190.378341674805","2.64110553871433E-06"
"97","9.81332386","192.381210327148","2.65009839495178E-06"
"98","9.90098892","194.387176513672","2.66385040958994E-06"
"99","9.9886513","196.396057128906","2.16092189475603E-06"
"100","10.58483866","198.393981933594","2.61678633250995E-06"
"101","10.67250826","200.399108886719","2.1390271740529E-06"
"102","10.93531274","202.404891967773","1.69267380556448E-07"
"103","11.03392164","204.407180786133","1.61148577149106E-07"
"104","11.13253314","206.413040161133","1.72264662978705E-07"
"105","11.23112252","208.413711547852","2.10782786780328E-07"
"106","11.33298684","210.392578125","2.21774357100912E-07"
"107","11.43162594","212.40446472168","1.99583467974662E-07"
"108","11.5302024","214.447708129883","1.94308114487285E-07"
"109","11.62880908","216.443344116211","2.05364642624772E-07"
"110","11.72740362","218.450317382813","2.51705785103695E-07"
"111","11.82599736","220.446273803711","2.05530113817076E-07"
"112","11.92461092","222.455703735352","2.35281660820874E-07"
"113","12.0231882","224.446441650391","2.15771393641262E-07"
"114","12.12180002","226.457794189453","2.49697308163377E-07"
"115","12.22039866","228.444808959961","2.19557392711067E-07"
"116","12.31898748","230.456634521484","2.221881203468E-07"
"117","12.41759588","232.44677734375","2.21554628865306E-07"
"118","12.51619136","234.462554931641","2.50773894094891E-07"
"119","12.61478602","236.450469970703","2.86776952407308E-07"
"120","12.71337764","238.493545532227","2.5647028678577E-07"
"121","12.8119793","240.504821777344","2.49024253662355E-07"
"122","12.91056996","242.49723815918","2.48605601882446E-07"
"123","13.00915962","244.507553100586","2.61071164686655E-07"
"124","13.10775568","246.497299194336","2.9204261409177E-07"
"125","13.20636218","248.495819091797","2.72347222107783E-07"
"126","13.30495086","250.499359130859","2.99172796758285E-07"
"127","13.40356984","252.489700317383","2.57348602872298E-07"
"128","13.5021675","254.501541137695","2.58385171036934E-07"
"129","13.60075852","256.494262695313","2.69628003479738E-07"
"130","13.69936768","258.503936767578","3.12068976882074E-07"
"131","13.79795364","260.493225097656","2.77337079523932E-07"
"132","13.89654194","262.542388916016","3.34001242663362E-07"
"133","13.99512396","264.546325683594","3.40568277579223E-07"
"134","14.09373864","266.544921875","3.17055196319416E-07"
"135","14.19233814","268.552947998047","3.14047383653815E-07"
"136","14.29092822","270.543243408203","3.77559132402894E-07"
"137","14.38953624","272.552398681641","3.09780602947285E-07"
"138","14.48812168","274.551727294922","3.22665670182687E-07"
"139","14.58674222","276.558563232422","3.457104185145E-07"
"140","14.68532376","278.544769287109","3.53727131141568E-07"
"141","14.7839115","280.537780761719","3.07270738630905E-07"
"142","14.88250788","282.548156738281","3.36627181241056E-07"
"143","14.98109682","284.537109375","3.19963419315172E-07"
"144","15.0796933","286.554626464844","3.37111174530946E-07"
"145","15.17829488","288.593902587891","3.4113625702048E-07"
"146","15.2768884","290.590515136719","4.00966655433876E-07"
"147","15.37547374","292.597900390625","3.4034886198242E-07"
"148","15.47406844","294.589782714844","3.16100567943067E-07"
"149","15.57266706","296.592620849609","3.33238148186865E-07"
"150","15.6712532","298.590850830078","3.36229504682706E-07"
"151","15.76985794","300.592315673828","3.46507931681117E-07"
"152","15.86844886","302.588317871094","5.26963503943989E-07"
"153","15.96703534","304.604217529297","3.79959146812325E-07"
"154","16.06563396","306.595245361328","3.94693870475749E-07"
"155","16.16424346","308.600158691406","3.50176662777812E-07"
"156","16.26285804","310.58935546875","3.71116414044081E-07"
"157","16.36146136","312.642150878906","4.46137363496746E-07"
"158","16.46004616","314.653350830078","4.66601761672791E-07"
"159","16.55865812","316.652191162109","4.27825369797574E-07"
"160","16.65725438","318.658905029297","4.67144133153852E-07"
"161","16.75584842","320.633605957031","4.33824510537306E-07"
"162","16.8544185","322.663635253906","4.2941979927491E-07"
"163","16.95302014","324.644378662109","4.94854816679435E-07"
"164","17.05161694","326.636535644531","4.47157106009399E-07"
"165","17.150203","328.644439697266","3.96585647877146E-07"
"166","17.58218566","330.639221191406","5.80869755140156E-06"
"167","17.66986876","332.650634765625","5.61796878173482E-06"
"168","17.75754738","334.639923095703","5.49100695934612E-06"
"169","17.84520752","336.650665283203","5.35950039193267E-06"
"170","17.93287992","338.698486328125","5.26044914295198E-06"
"171","18.02053058","340.689025878906","5.18828346685041E-06"
"172","18.10821044","342.699951171875","5.13553095515817E-06"
"173","18.19588878","344.691070556641","5.09309120388934E-06"
"174","18.28354122","346.701843261719","5.01239173900103E-06"
"175","18.37119478","348.693542480469","4.95170525027788E-06"
"176","18.45885736","350.703704833984","4.88757086714031E-06"
"177","18.5465279","352.695739746094","4.84180463899975E-06"
"178","18.6342048","354.703491210938","4.80430253446684E-06"
"179","18.72189142","356.694946289063","4.76717195851961E-06"
"180","18.80955288","358.6884765625","4.74159742225311E-06"
"181","18.89722222","360.697296142578","4.70849226985592E-06"
"182","18.98489542","362.743408203125","4.67932159153861E-06"
"183","19.07255424","364.755187988281","4.65430321128224E-06"
"184","19.1602035","366.749206542969","4.63520291305031E-06"
"185","19.2478736","368.736968994141","4.61469562651473E-06"
"186","19.33553446","370.747314453125","4.59143393527484E-06"
"187","19.42320762","372.739898681641","4.58167778560892E-06"
"188","19.5108806","374.750396728516","4.5620736273122E-06"
"189","19.59854334","376.740051269531","4.55246163255651E-06"
"190","19.68620536","378.75146484375","4.5273927753442E-06"
"191","19.77388414","380.742645263672","4.51849291494E-06"
"192","19.86155042","382.752227783203","4.49839399152552E-06"
"193","19.94922468","384.743713378906","4.48406672148849E-06"
"194","20.03690686","386.755401611328","4.47207776232972E-06"
"195","20.12456276","388.802612304688","4.46591957370401E-06"
"196","20.21221666","390.792785644531","4.45269188276143E-06"
"197","20.29989302","392.802124023438","4.45793966719066E-06"
"198","20.3875622","394.794128417969","4.4422099563235E-06"
"199","20.4752299","396.801635742188","4.43599765276304E-06"
"200","20.5629095","398.795166015625","4.43641238234704E-06"
"201","20.65057154","400.788391113281","4.43791714133113E-06"
"202","20.73822758","402.797241210938","4.43221961177187E-06"
"203","20.82590034","404.788787841797","4.44146417066804E-06"
"204","20.91356566","406.802185058594","4.42993496108102E-06"
"205","21.00123752","408.792144775391","4.43723911303096E-06"
"206","21.08889922","410.800048828125","4.43883300249581E-06"
"207","21.17657596","412.846893310547","4.43659882876091E-06"
"208","21.26424978","414.840026855469","4.43301132690976E-06"
"209","21.35191802","416.850006103516","4.43079079559539E-06"
"210","21.43958378","418.839996337891","4.43205226474674E-06"
"211","21.52723818","420.851135253906","4.42848568127374E-06"
"212","21.61490412","422.842315673828","4.43166527475114E-06"
"213","21.70257916","424.851409912109","4.45868408860406E-06"
"214","21.79025418","426.843475341797","4.43235649072449E-06"
"215","21.87791698","428.853851318359","4.44030501967063E-06"
"216","21.96558944","430.845062255859","4.44312763647758E-06"
"217","22.05324164","432.835388183594","4.44193983639707E-06"
"218","22.14089644","434.847381591797","4.45756541012088E-06"
"219","22.22857832","436.839447021484","4.46047806690331E-06"
"220","22.31623652","438.902709960938","4.47134607384214E-06"
"221","22.40389038","440.896514892578","4.46626017946983E-06"
"222","22.49156486","442.906127929688","4.47408319814713E-06"
"223","22.5792445","444.897796630859","4.48446826339932E-06"
"224","22.6669156","446.888214111328","4.48470609626384E-06"
"225","22.75457956","448.900787353516","4.47669935965678E-06"
"226","22.8422532","450.890899658203","4.47514366896939E-06"
"227","22.92992526","452.897674560547","4.48037235400989E-06"
"228","23.01757572","454.892913818359","4.48539594799513E-06"
"229","23.10524612","456.902557373047","4.49698472948512E-06"
"230","23.19292616","458.890869140625","4.51179403171409E-06"
"231","23.28061324","460.900604248047","4.517033630691E-06"
"232","23.3682686","462.949920654297","4.51854975835886E-06"
"233","23.4559537","464.941467285156","4.53563325208961E-06"
"234","23.54363074","466.950286865234","4.54352812084835E-06"
"235","23.63129142","468.941131591797","4.54772361990763E-06"
"236","23.71894372","470.953033447266","4.54249175163568E-06"
"237","23.80659936","472.944458007813","4.55194003734505E-06"
"238","23.89426876","474.951263427734","4.56609177490463E-06"
"239","23.98193746","476.945770263672","4.56910993307247E-06"
"240","24.06961146","478.937591552734","4.58066051578498E-06"
"241","24.15728802","480.94482421875","4.59028069599299E-06"
"242","24.24494504","482.939056396484","4.60870842289296E-06"
"243","24.33260516","484.947448730469","4.60538831248414E-06"
"244","24.42027054","486.940002441406","4.61200761492364E-06"
"245","24.5079401","488.983673095703","4.6112700147205E-06"
"246","24.59560036","490.997283935547","4.63417018181644E-06"
"247","24.68326064","492.987335205078","4.65445145891863E-06"
"248","24.77092306","494.995544433594","4.6696718527528E-06"
"249","24.85858422","496.989471435547","4.67055951958173E-06"
"250","24.94626504","498.998687744141","4.67053087049862E-06"
"251","25.03394408","500.989227294922","4.69041560791084E-06"
"252","25.12161914","502.998016357422","4.70453596790321E-06"
"253","25.2092902","504.991363525391","4.7158182496787E-06"
"254","25.29693672","507.002624511719","4.73377986054402E-06"
"255","25.38459832","508.992065429688","4.75312845082954E-06"
"256","25.47226956","510.985137939453","4.76021068607224E-06"
"257","25.55992762","513.05126953125","4.76137392979581E-06"
"258","25.64758006","515.044250488281","4.76300738228019E-06"
"259","25.73523722","517.05078125","4.76491368317511E-06"
"260","25.8229065","519.044555664063","4.77409002996865E-06"
"261","25.91058738","521.036437988281","4.77469302495592E-06"
"262","25.99825632","523.045166015625","4.7761932364665E-06"
"263","26.0859222","525.037292480469","4.79613072457141E-06"
"264","26.17358334","527.045715332031","4.7930484470271E-06"
"265","26.26125084","529.037780761719","4.78746687804232E-06"
"266","26.34893114","531.048217773438","4.81457618661807E-06"
"267","26.4366052","533.040893554688","4.83299663756043E-06"
"268","26.52425862","535.050048828125","4.82468067275477E-06"
"269","26.61192722","537.0419921875","4.83828080177773E-06"
"270","26.69959068","539.091186523438","4.84770998809836E-06"
"271","26.78727208","541.099609375","4.85923374071717E-06"
"272","26.87493518","543.089233398438","4.86797171106446E-06"
"273","26.96260932","545.097778320313","4.88094337924849E-06"
"274","27.05027174","547.091613769531","4.88627892991644E-06"
"275","27.13793728","549.102355957031","4.89054173158365E-06"
"276","27.22561756","551.092163085938","4.89355215904652E-06"
"277","27.31329478","553.085266113281","4.91440323457937E-06"
"278","27.40095224","555.094604492188","4.91819400849636E-06"
"279","27.48862986","557.084289550781","4.92459503220743E-06"
"280","27.57629294","559.093383789063","4.93128163725487E-06"
"281","27.663965","561.088745117188","4.95233780384297E-06"
"282","27.75162274","563.151306152344","4.96642041980522E-06"
"283","27.83930228","565.141967773438","4.97808514410281E-06"
"284","27.92696506","567.135314941406","4.98367944601341E-06"
"285","28.0146246","569.144592285156","4.99086445415742E-06"
"286","28.10231934","571.135925292969","5.00568512507016E-06"
"287","28.18998456","573.145874023438","5.00547093906789E-06"
"288","28.27764652","575.138427734375","5.02495095133781E-06"
"289","28.365314","577.147766113281","5.03620958625106E-06"
"290","28.45296302","579.141235351563","5.04295849168557E-06"
"291","28.54061268","581.149047851563","5.05127809447004E-06"
"292","28.62827378","583.139343261719","5.06678497913526E-06"
"293","28.71594064","585.150085449219","5.08328230353072E-06"
"294","28.80360134","587.140686035156","5.09118035552092E-06"
"295","28.89128634","589.191711425781","5.11300731886877E-06"
"296","28.97896106","591.20068359375","5.11641746925307E-06"
"297","29.06663206","593.190246582031","5.11301504957373E-06"
"298","29.15429752","595.202209472656","5.1233864724054E-06"
"299","29.24197078","597.193115234375","5.13229497300927E-06"
"300","29.32963408","599.184631347656","5.13965096615721E-06"
"301","29.41731078","601.191223144531","5.15433066539117E-06"
"302","29.50497904","603.186462402344","5.16182353749173E-06"
"303","29.59265904","605.195617675781","5.17278385814279E-06"
"304","29.68033666","607.187805175781","5.19132663612254E-06"
"305","29.76799804","609.195434570313","5.20068851983524E-06"
"306","29.85565616","611.186889648438","5.2250588851166E-06"
"307","29.94333292","613.234741210938","5.23224662174471E-06"
"308","30.03099722","615.24462890625","5.25435552845011E-06"
"309","30.1186539","617.236999511719","5.25318864674773E-06"
"310","30.20631386","619.24609375","5.25615769220167E-06"
"311","30.29398224","621.239440917969","5.2891587074555E-06"
"312","30.38164664","623.248168945313","5.30210172655643E-06"
"313","30.4693189","625.238403320313","5.30472289028694E-06"
"314","30.55698048","627.250732421875","5.31413934368175E-06"
"315","30.64465028","629.239562988281","5.32720741830417E-06"
"316","30.73232102","631.233642578125","5.34175933353254E-06"
"317","30.81996776","633.244323730469","5.33854472450912E-06"
"318","30.90764198","635.234924316406","5.35336675966391E-06"
"319","30.99531406","637.243957519531","5.37141386303119E-06"
"320","31.08296934","639.291198730469","5.37728828930994E-06"
"321","31.1706273","641.280822753906","5.38297990715364E-06"
"322","31.25828872","643.28955078125","5.40457085662638E-06"
"323","31.34595282","645.285888671875","5.41274494025856E-06"
"324","31.4336218","647.294494628906","5.42593352292897E-06"
"325","31.5213067","649.28466796875","5.43340729564079E-06"
"326","31.60897376","651.294006347656","5.44373369848472E-06"
"327","31.69661934","653.286437988281","5.44712838745909E-06"
"328","31.7843078","655.298522949219","5.46446790394839E-06"
"329","31.87195902","657.28515625","5.48875732420129E-06"
"330","31.95962708","659.298522949219","5.48841217096196E-06"
"331","32.04730474","661.291748046875","5.49932656213059E-06"
"332","32.13497804","663.339111328125","5.50800677956431E-06"
"333","32.22265216","665.347412109375","5.51860784980818E-06"
"334","32.31033462","667.3349609375","5.54331973035005E-06"
"335","32.39799524","669.346252441406","5.56136455998057E-06"
"336","32.48566748","671.337280273438","5.572049303737E-06"
"337","32.57335326","673.351684570313","5.58435885977815E-06"
"338","32.6609978","675.34033203125","5.59606405658997E-06"
"339","32.7486592","677.331909179688","5.60900116397534E-06"
"340","32.83632756","679.341491699219","5.63679486731417E-06"
"341","32.92400194","681.331909179688","5.64893025511992E-06"
"342","33.01165456","683.34375","5.65899608773179E-06"
"343","33.0993259","685.333435058594","5.67003735341132E-06"
"344","33.18700954","687.345764160156","5.68601171835326E-06"
"345","33.2746662","689.391052246094","5.70709380554035E-06"
"346","33.36234462","691.382629394531","5.72166936763097E-06"
"347","33.4499983","693.388732910156","5.73928218727815E-06"
"348","33.53765334","695.38134765625","5.75234571442707E-06"
"349","33.62532798","697.393676757813","5.77933860768098E-06"
"350","33.71300476","699.382446289063","5.7772967920755E-06"
"351","33.8006585","701.396545410156","5.79210154683096E-06"
"352","33.88831114","703.389404296875","5.81219319428783E-06"
"353","33.97597342","705.395202636719","5.82411121285986E-06"
"354","34.063624","707.386352539063","5.84932467972976E-06"
"355","34.15129824","709.37939453125","5.87134081797558E-06"
"356","34.23896632","711.3876953125","5.87560589337954E-06"
"357","34.32662542","713.432495117188","5.88934199186042E-06"
"358","34.41429122","715.448303222656","5.91044772590976E-06"
"359","34.50195782","717.437622070313","5.92189871895243E-06"
"360","34.58963388","719.430053710938","5.98704809817718E-06"
"361","34.67729614","721.437927246094","5.9626140682667E-06"
"362","34.76496046","723.427978515625","5.98351880398695E-06"
"363","34.85261918","725.43994140625","5.98810083829449E-06"
"364","34.94027808","727.431213378906","5.9963949752273E-06"
"365","35.02794452","729.443542480469","6.01541387368343E-06"
"366","35.11560662","731.432922363281","6.05304421696928E-06"
"367","35.20326954","733.440979003906","6.05301465839148E-06"
"368","35.29093824","735.433715820313","6.06930416324758E-06"
"369","35.37859248","737.446716308594","6.06852336204611E-06"
"370","35.46626298","739.494812011719","6.09445123700425E-06"
"371","35.55393816","741.479187011719","6.09708922638674E-06"
"372","35.64158824","743.49267578125","6.11780615145108E-06"
"373","35.72924354","745.486389160156","6.12493340668152E-06"
"374","35.81690602","747.494384765625","6.13958991380059E-06"
"375","35.90457124","749.483642578125","6.14356031292118E-06"
"376","35.99224328","751.476989746094","6.1636810642085E-06"
"377","36.0799156","753.485534667969","6.19470756646479E-06"
"378","36.1676016","755.475708007813","6.19548927716096E-06"
"379","36.25526492","757.491760253906","6.20530590822455E-06"
"380","36.34292942","759.480346679688","6.21775188847096E-06"
"381","36.43059508","761.489562988281","6.23705000180053E-06"
"382","36.51825142","763.536743164063","6.25267330178758E-06"
"383","36.60590716","765.526000976563","6.26512155577075E-06"
"384","36.69356594","767.536560058594","6.29027863396914E-06"
"385","36.78122376","769.527221679688","6.30744852969656E-06"
"386","36.8688859","771.540466308594","6.34079151495825E-06"
"387","36.95656936","773.53125","6.34313437331002E-06"
"388","37.04423346","775.539489746094","6.3480965764029E-06"
"389","37.1319019","777.532043457031","6.38108167549944E-06"
"390","37.21955612","779.542297363281","6.39510381006403E-06"
"391","37.30721974","781.532897949219","6.40786583971931E-06"
"392","37.3948661","783.524353027344","6.41928681943682E-06"
"393","37.48252588","785.540710449219","6.45085674477741E-06"
"394","37.57018814","787.583557128906","6.47198476144695E-06"
"395","37.65785096","789.590515136719","6.48308741801884E-06"
"396","37.74554154","791.581481933594","6.5105650719488E-06"
"397","37.83320104","793.591552734375","6.51557957098703E-06"
"398","37.92085374","795.584838867188","6.52214475849178E-06"
"399","38.00852632","797.57275390625","6.53710549158859E-06"
"400","38.09617188","799.58837890625","6.5476274357934E-06"
"401","38.1838178","801.579040527344","6.56398378851009E-06"
"402","38.27150438","803.587158203125","6.57579903418082E-06"
"403","38.35916698","805.576049804688","6.59488387100282E-06"
"404","38.44683066","807.586242675781","6.61496824250207E-06"
"405","38.53449852","809.580444335938","6.63113314658403E-06"
"406","38.62216236","811.588500976563","6.64938897898537E-06"
"407","38.70981736","813.640014648438","6.67092672301806E-06"
"408","38.79748028","815.629516601563","6.68883330945391E-06"
"409","38.88515326","817.637329101563","6.71002135277377E-06"
"410","38.9728076","819.629150390625","6.73302929499187E-06"
"411","39.06047932","821.640869140625","6.75717274134513E-06"
"412","39.14814554","823.629943847656","6.7631858655659E-06"
"413","39.23581374","825.637329101563","6.79480217513628E-06"
"414","39.32345894","827.638122558594","6.7927335294371E-06"
"415","39.4111139","829.623901367188","6.82280733599328E-06"
"416","39.4987752","831.633239746094","6.83564621795085E-06"
"417","39.58643184","833.626892089844","6.86031989971525E-06"
"418","39.67409522","835.632873535156","6.86749217493343E-06"
"419","39.76175216","837.680603027344","6.88132195136859E-06"
"420","39.84940762","839.670471191406","6.8949216256442E-06"
"421","39.93707552","841.685363769531","6.9086195253476E-06"
"422","40.0247259","843.674194335938","6.92167532179155E-06"
"423","40.11238776","845.683532714844","6.9290626925067E-06"
"424","40.2000707","847.674743652344","7.03471914675902E-06"
"425","40.28774022","849.6845703125","7.01875023878529E-06"
"426","40.37540858","851.679931640625","7.02638408256462E-06"
"427","40.46307944","853.68505859375","7.03965497450554E-06"
"428","40.55074256","855.682067871094","7.06198898114963E-06"
"429","40.63840692","857.6875","7.08896914147772E-06"
"430","40.72606954","859.678955078125","7.09058895154158E-06"
"431","40.81375354","861.669738769531","7.13954023012775E-06"
"432","40.90143122","863.736694335938","7.13857934897533E-06"
"433","40.98910996","865.725952148438","7.16015983925899E-06"
"434","41.07677684","867.73486328125","7.21009928383864E-06"
"435","41.16442198","869.736267089844","7.20655179975438E-06"
"436","41.2520818","871.720092773438","7.22609456715873E-06"
"437","41.33975968","873.72802734375","7.25251311450847E-06"
"438","41.42742038","875.723205566406","7.26591952115996E-06"
"439","41.51509686","877.730651855469","7.32955732019036E-06"
"440","41.60277486","879.721801757813","7.31733143766178E-06"
"441","41.69044892","881.73095703125","7.31612317395047E-06"
"442","41.77812428","883.728881835938","7.33573006073129E-06"
"443","41.8657722","885.736633300781","7.35824869479984E-06"
"444","41.95343838","887.782897949219","7.35752792024869E-06"
"445","42.04111326","889.772888183594","7.38623975848895E-06"
"446","42.12878068","891.781433105469","7.40807900001528E-06"
"447","42.2164334","893.775085449219","7.41315034247236E-06"
"448","42.30409568","895.783386230469","7.43890950616333E-06"
"449","42.39176334","897.780700683594","7.46173600418842E-06"
"450","42.47943538","899.785949707031","7.49548735257122E-06"
"451","42.5671072","901.777099609375","7.51280686017708E-06"
"452","42.65477098","903.789123535156","7.53446511225775E-06"
"453","42.7424404","905.777465820313","7.54761458665598E-06"
"454","42.83008836","907.772277832031","7.59383601689478E-06"
"455","42.91775704","909.779907226563","7.61022465667338E-06"
"456","43.00543344","911.770629882813","7.62372883400531E-06"
"457","43.09308982","913.835388183594","7.64727155910805E-06"
"458","43.18075876","915.825439453125","7.67454366723541E-06"
"459","43.26842992","917.820556640625","7.67948404245544E-06"
"460","43.35611162","919.826232910156","7.70523820392555E-06"
"461","43.44377666","921.820617675781","7.71484974393388E-06"
"462","43.53145204","923.829406738281","7.71770737628685E-06"
"463","43.61909858","925.827697753906","7.73035571910441E-06"
"464","43.7067799","927.833984375","7.75468197389273E-06"
"465","43.79444498","929.820861816406","7.76475280872546E-06"
"466","43.88212318","931.832580566406","7.78340745455353E-06"
"467","43.96979476","933.825622558594","7.81144262873568E-06"
"468","44.05744378","935.836608886719","7.8214588938863E-06"
"469","44.14509562","937.879211425781","7.83824998507043E-06"
"470","44.23276264","939.875915527344","7.85252723289886E-06"
"471","44.32043112","941.882385253906","7.87137832958251E-06"
"472","44.40809514","943.874694824219","7.89021214586683E-06"
"473","44.49576298","945.886962890625","7.90442027209792E-06"
"474","44.58341864","947.873657226563","7.91982893133536E-06"
"475","44.67108736","949.869018554688","7.93211893324042E-06"
"476","44.75876746","951.878540039063","7.95001778897131E-06"
"477","44.84643972","953.87255859375","7.99822828412289E-06"
"478","44.93409366","955.878295898438","7.97203574620653E-06"
"479","45.02175646","957.871643066406","7.99047393229557E-06"
"480","45.10941836","959.8798828125","8.012954822334E-06"
"481","45.19707442","961.87158203125","8.04423143563326E-06"
"482","45.28473538","963.919616699219","8.06262778496603E-06"
"483","45.37240482","965.926574707031","8.08553159004077E-06"
"484","45.46006806","967.922241210938","8.09941502666334E-06"
"485","45.54774248","969.930053710938","8.12979124020785E-06"
"486","45.63542284","971.919738769531","8.13621318229707E-06"
"487","45.72309706","973.930725097656","8.15176645119209E-06"
"488","45.81077736","975.921691894531","8.16091960587073E-06"
"489","45.89843428","977.934753417969","8.18221542431274E-06"
"490","45.98609222","979.923522949219","8.19498563942034E-06"
"491","46.07377308","981.919189453125","8.21622052171733E-06"
"492","46.16144192","983.925476074219","8.23996197141241E-06"
"493","46.24912082","985.914306640625","8.25280039862264E-06"
"494","46.33678056","987.984008789063","8.27215990284458E-06"
"495","46.42443444","989.971801757813","8.29194323159754E-06"
"496","46.51210488","991.965209960938","8.3324976003496E-06"
"497","46.59978218","993.975280761719","8.34324509924045E-06"
"498","46.68745488","995.968383789063","8.36543586046901E-06"
"499","46.77510686","997.974975585938","8.38013966131257E-06"
"500","46.8627737","999.969360351563","8.39197855384555E-06"
